<?xml version="1.0" encoding="UTF-8"?>
<!DOCTYPE suite SYSTEM "http://testng.org/testng-1.0.dtd">
<suite name="Global Markets">
	<!--<test name="VerifyInformationMessageTest">
		<classes>
			<class
				name="com.concord.globalmarkets.searchdocuments.tests.VerifyInformationMessageTest" />
		</classes>
	</test>
	<test name="VerifyZeroDocumentsMessageIsDisplayedTest">
		<classes>
			<class
				name="com.concord.globalmarkets.searchdocuments.tests.VerifyZeroDocumentsMessageIsDisplayedTest" />
		</classes>
	</test>
	<test name="VerifyClientNameDisplayedWithBcNumTest">
		<classes>
			<class
				name="com.concord.globalmarkets.searchdocuments.tests.VerifyClientNameDisplayedWithBcNumTest" />
		</classes>
	</test>
	<test name="VerifyClientNameDisplayedWithContractNumTest">
		<classes>
			<class
				name="com.concord.globalmarkets.searchdocuments.tests.VerifyClientNameDisplayedWithContractNumTest" />
		</classes>
	</test>
	<test name="VerifyValidationsForBCNumberTest">
		<classes>
			<class
				name="com.concord.globalmarkets.searchdocuments.tests.VerifyValidationsForBCNumberTest" />
		</classes>
	</test>
	<test name="VerifyValidationForContractNumberTest">
		<classes>
			<class
				name="com.concord.globalmarkets.searchdocuments.tests.VerifyValidationForContractNumberTest" />
		</classes>
	</test>
	<test name="VerifyValidationsForFromDateTest">
		<classes>
			<class
				name="com.concord.globalmarkets.searchdocuments.tests.VerifyValidationsForFromDateTest" />
		</classes>
	</test>
	<test name="VerifyValidationsForToDateTest">
		<classes>
			<class
				name="com.concord.globalmarkets.searchdocuments.tests.VerifyValidationsForToDateTest" />
		</classes>
	</test>
	<test name="VerifyDocumentTypeFilterTest">
		<classes>
			<class
				name="com.concord.globalmarkets.searchdocuments.tests.VerifyDocumentTypeFilterTest" />
		</classes>
	</test>
	<test name="VerifyDocumentSourceFilterTest">
		<classes>
			<class
				name="com.concord.globalmarkets.searchdocuments.tests.VerifyDocumentSourceFilterTest" />
		</classes>
	</test>
	<test name="VerifyDateFilterTest">
		<classes>
			<class
				name="com.concord.globalmarkets.searchdocuments.tests.VerifyDateFilterTest" />
		</classes>
	</test>
	<test name="VerifyDownloadMultipleDocumentsTest">
		<classes>
			<class
				name="com.concord.globalmarkets.searchdocuments.tests.VerifyDownloadMultipleDocumentsTest" />
		</classes>
	</test>
	<test name="VerifyMultipleViewDocumentTest">
		<classes>
			<class
				name="com.concord.globalmarkets.searchdocuments.tests.VerifyMultipleViewDocumentTest" />
		</classes>
	</test>
	<test name="VerifyViewBaseJPGTest">
		<classes>
			<class
				name="com.concord.globalmarkets.searchdocuments.tests.VerifyViewBaseJPGTest" />
		</classes>
	</test>
	<test name="VerifyViewBasePNGTest">
		<classes>
			<class
				name="com.concord.globalmarkets.searchdocuments.tests.VerifyViewBasePNGTest" />
		</classes>
	</test>
	<test name="VerifyViewBaseXMLTest">
		<classes>
			<class
				name="com.concord.globalmarkets.searchdocuments.tests.VerifyViewBaseXMLTest" />
		</classes>
	</test>
	<test name="VerifyViewPDFTest">
		<classes>
			<class
				name="com.concord.globalmarkets.searchdocuments.tests.VerifyViewPDFTest" />
		</classes>
	</test>
	<test name="VerifyViewTextTest">
		<classes>
			<class
				name="com.concord.globalmarkets.searchdocuments.tests.VerifyViewTextTest" />
		</classes>
	</test>
	<test name="VerifyViewXmlTest">
		<classes>
			<class
				name="com.concord.globalmarkets.searchdocuments.tests.VerifyViewXmlTest" />
		</classes>
	</test>
	<test name="VerifyAdditionalIdentifierFilterTest">
		<classes>
			<class
				name="com.concord.globalmarkets.searchdocuments.tests.VerifyAdditionalIdentifierFilterTest" />
		</classes>
	</test>
	<test name="VerifyOriginalDocTypeFilterTest">
		<classes>
			<class
				name="com.concord.globalmarkets.searchdocuments.tests.VerifyOriginalDocTypeFilterTest" />
		</classes>
	</test>
	<test name="VerifyMergePdfTest">
		<classes>
			<class
				name="com.concord.globalmarkets.searchdocuments.tests.VerifyMergePdfTest" />
		</classes>
	</test>
	<test name="VerifySeperateTabViewTest">
		<classes>
			<class
				name="com.concord.globalmarkets.searchdocuments.tests.VerifySeperateTabViewTest" />
		</classes>
	</test>



	<test name="VerifyCityValidationTest">
		<classes>
			<class
				name="com.concord.globalmarkets.searchcustomer.tests.VerifyCityValidationTest" />
		</classes>
	</test>
	<test name="VerifyDateFormatValidationTest">
		<classes>
			<class
				name="com.concord.globalmarkets.searchcustomer.tests.VerifyDateFormatValidationTest" />
		</classes>
	</test>
	<test name="VerifySearchCustFromNameSecTest">
		<classes>
			<class
				name="com.concord.globalmarkets.searchcustomer.tests.VerifySearchCustFromNameSecTest" />
		</classes>
	</test>
	<test name="VerifySearchCustFromPCSecTest">
		<classes>
			<class
				name="com.concord.globalmarkets.searchcustomer.tests.VerifySearchCustFromPCSecTest" />
		</classes>
	</test>
	<test name="VerifySurnameValidationTest">
		<classes>
			<class
				name="com.concord.globalmarkets.searchcustomer.tests.VerifySurnameValidationTest" />
		</classes>
	</test>
	<test name="VerifyCOCSelectCustomerTest">
		<classes>
			<class
				name="com.concord.globalmarkets.searchcustomer.tests.VerifyCOCSelectCustomerTest" />
		</classes>
	</test>
	<test name="VerifyCOCValidationTest">
		<classes>
			<class
				name="com.concord.globalmarkets.searchcustomer.tests.VerifyCOCValidationTest" />
		</classes>
	</test>
	<test name="VerifyCountryValidationTest">
		<classes>
			<class
				name="com.concord.globalmarkets.searchcustomer.tests.VerifyCountryValidationTest" />
		</classes>
	</test>
	<test name="VerifyNameSelectCustTest">
		<classes>
			<class
				name="com.concord.globalmarkets.searchcustomer.tests.VerifyNameSelectCustTest" />
		</classes>
	</test>
	<test name="VerifyPCSelectCustTest">
		<classes>
			<class
				name="com.concord.globalmarkets.searchcustomer.tests.VerifyPCSelectCustTest" />
		</classes>
	</test>
	<test name="VerifyPostalCodeValidationTest">
		<classes>
			<class
				name="com.concord.globalmarkets.searchcustomer.tests.VerifyPostalCodeValidationTest" />
		</classes>
	</test>
	<test name="VerifySearchCustFromCOCSecTest">
		<classes>
			<class
				name="com.concord.globalmarkets.searchcustomer.tests.VerifySearchCustFromCOCSecTest" />
		</classes>
	</test>
	<test name="VerifyZeroMatchesFoundTest">
		<classes>
			<class
				name="com.concord.globalmarkets.searchcustomer.tests.VerifyZeroMatchesFoundTest" />
		</classes>
	</test>



	<test name="VerifyDocumentFilterInDossierTest">
		<classes>
			<class
				name="com.concord.globalmarkets.searchdossiers.tests.VerifyDocumentFilterInDossierTest" />
		</classes>
	</test>
	<test name="VerifyDocumentInsideDossierTest">
		<classes>
			<class
				name="com.concord.globalmarkets.searchdossiers.tests.VerifyDocumentInsideDossierTest" />
		</classes>
	</test>
	<test name="VerifyInfoMessageInDossierTest">
		<classes>
			<class
				name="com.concord.globalmarkets.searchdossiers.tests.VerifyInfoMessageInDossierTest" />
		</classes>
	</test>
	<test name="VerifyPreviewDocInsideDossierTest">
		<classes>
			<class
				name="com.concord.globalmarkets.searchdossiers.tests.VerifyPreviewDocInsideDossierTest" />
		</classes>
	</test>
	<test name="VerifySearchDossierWithBCNumTest">
		<classes>
			<class
				name="com.concord.globalmarkets.searchdossiers.tests.VerifySearchDossierWithBCNumTest" />
		</classes>
	</test>
	<test name="VerifySearchDosWithContNumTest">
		<classes>
			<class
				name="com.concord.globalmarkets.searchdossiers.tests.VerifySearchDosWithContNumTest" />
		</classes>
	</test>
	<test name="VerifyCloseDossierTest">
		<classes>
			<class
				name="com.concord.globalmarkets.searchdossiers.tests.VerifyCloseDossierTest" />
		</classes>
	</test>
	<test name="VerifyDossierFilterWithDossierNameTest">
		<classes>
			<class
				name="com.concord.globalmarkets.searchdossiers.tests.VerifyDossierFilterWithDossierNameTest" />
		</classes>
	</test>
	<test name="VerifyAddCommentsTest">
		<classes>
			<class
				name="com.concord.globalmarkets.searchdossiers.tests.VerifyAddCommentsTest" />
		</classes>
	</test>
	<test name="VerifyChangeLifeCycleStatusTest">
		<classes>
			<class
				name="com.concord.globalmarkets.searchdossiers.tests.VerifyChangeLifeCycleStatusTest" />
		</classes>
	</test>




	<test name="VerifyCreateDossierTest">
		<classes>
			<class
				name="com.concord.globalmarkets.createdossier.tests.VerifyCreateDossierTest" />
		</classes>
	</test>
	<test name="VerifyValidationForBCNumTest">
		<classes>
			<class
				name="com.concord.globalmarkets.createdossier.tests.VerifyValidationForBCNumTest" />
		</classes>
	</test>
	<test name="VerifyValidationForContractNumTest">
		<classes>
			<class
				name="com.concord.globalmarkets.createdossier.tests.VerifyValidationForContractNumTest" />
		</classes>
	</test>
	<test name="VerifyValidationForProductGroupTest">
		<classes>
			<class
				name="com.concord.globalmarkets.createdossier.tests.VerifyValidationForProductGroupTest" />
		</classes>
	</test>



	<test name="VerifyBCContractNonEditableTest">
		<classes>
			<class
				name="com.concord.globalmarkets.updatedossier.tests.VerifyBCContractNonEditableTest" />
		</classes>
	</test>

	<test name="VerifyUpdateDossierDescTest">
		<classes>
			<class
				name="com.concord.globalmarkets.updatedossier.tests.VerifyUpdateDossierDescTest" />
		</classes>
	</test>-->



	<test name="VerifyReqFieldValidationsTest">
		<classes>
			<class
				name="com.concord.globalmarkets.updatedocument.tests.VerifyReqFieldValidationsTest" />
		</classes>
	</test>
	<test name="VerifyUpdateDocumentTest">
		<classes>
			<class
				name="com.concord.globalmarkets.updatedocument.tests.VerifyUpdateDocumentTest" />
		</classes>
	</test>
	<test name="VerifySingleDocumentImportTest">
		<classes>
			<class
				name="com.concord.globalmarkets.importdocument.tests.VerifySingleDocumentImportTest" />
		</classes>
	</test>

</suite>
